{
    "carvers": [
        "minecraft:cave",
        "minecraft:cave_extra_underground",
        "minecraft:canyon"
    ],
    "downfall": 0,
    "effects": {
        "fog_color": 0,
        "mood_sound": {
            "block_search_extent": 8,
            "offset": 2,
            "sound": "minecraft:ambient.cave",
            "tick_delay": 6000
        },
        "particle": {
            "options": {
                "type": "minecraft:lava"
            },
            "probability": 0.0001
        },
        "sky_color": 0,
        "water_color": 1787600,
        "water_fog_color": 329011
    },
    "features": [
        [
            "terralith:cave/fuck_art_just_need_performance/blackstone"
        ],
        [],
        [
            "minecraft:amethyst_geode"
        ],
        [
            "minecraft:monster_room"
        ],
        [],
        [],
        [
            "minecraft:ore_coal_upper",
            "minecraft:ore_coal_lower",
            "minecraft:ore_iron_upper",
            "minecraft:ore_iron_middle",
            "minecraft:ore_iron_small",
            "minecraft:ore_gold",
            "minecraft:ore_redstone",
            "minecraft:ore_redstone_lower",
            "minecraft:ore_diamond",
            "minecraft:ore_diamond_medium",
            "minecraft:ore_diamond_large",
            "minecraft:ore_lapis",
            "minecraft:ore_lapis_buried",
            "minecraft:ore_copper",
            "minecraft:underwater_magma",
            "minecraft:disk_sand",
            "minecraft:disk_clay",
            "minecraft:disk_gravel"
        ],
        [
            "terralith:cave/mantle/lava_drip",
            "terralith:cave/mantle/magma_strip",
            "terralith:cave/mantle/basalt_strip"
        ],
        [
            "minecraft:spring_water",
            "minecraft:spring_lava"
        ],
        [
            "minecraft:glow_lichen",
            "minecraft:patch_tall_grass_2",
            "minecraft:trees_plains",
            "minecraft:flower_plains",
            "minecraft:patch_grass_plain",
            "minecraft:brown_mushroom_normal",
            "minecraft:red_mushroom_normal",
            "minecraft:patch_sugar_cane",
            "minecraft:patch_pumpkin"
        ],
        [
            "minecraft:freeze_top_layer"
        ]
    ],
    "has_precipitation": true,
    "spawn_costs": {},
    "spawners": {
        "ambient": [
            {
                "type": "minecraft:bat",
                "maxCount": 8,
                "minCount": 8,
                "weight": 10
            }
        ],
        "axolotls": [],
        "creature": [],
        "misc": [],
        "monster": [
            {
                "type": "minecraft:spider",
                "maxCount": 4,
                "minCount": 4,
                "weight": 100
            },
            {
                "type": "minecraft:zombie",
                "maxCount": 4,
                "minCount": 4,
                "weight": 95
            },
            {
                "type": "minecraft:zombie_villager",
                "maxCount": 1,
                "minCount": 1,
                "weight": 5
            },
            {
                "type": "minecraft:skeleton",
                "maxCount": 4,
                "minCount": 4,
                "weight": 100
            },
            {
                "type": "minecraft:creeper",
                "maxCount": 4,
                "minCount": 4,
                "weight": 100
            },
            {
                "type": "minecraft:slime",
                "maxCount": 4,
                "minCount": 4,
                "weight": 100
            },
            {
                "type": "minecraft:enderman",
                "maxCount": 4,
                "minCount": 1,
                "weight": 10
            },
            {
                "type": "minecraft:witch",
                "maxCount": 1,
                "minCount": 1,
                "weight": 5
            }
        ],
        "underground_water_creature": [
            {
                "type": "minecraft:glow_squid",
                "maxCount": 6,
                "minCount": 4,
                "weight": 10
            }
        ],
        "water_ambient": [],
        "water_creature": []
    },
    "surface_builder": "minecraft:stone",
    "temperature": 2
}