{
    "type": "minecraft:tree",
    "config": {
        "minimum_size": {
            "type": "minecraft:two_layers_feature_size"
        },
        "dirt_provider": {
            "type": "minecraft:simple_state_provider",
            "state": {
                "Name": "minecraft:stone"
            }
        },
        "trunk_provider": {
            "type": "minecraft:simple_state_provider",
            "state": {
                "Name": "minecraft:white_wool"
            }
        },
        "foliage_provider": {
            "type": "minecraft:simple_state_provider",
            "state": {
                "Name": "minecraft:air"
            }
        },
        "root_placer": {
            "type": "minecraft:mangrove_root_placer",
            "root_provider": {
                "type": "minecraft:simple_state_provider",
                "state": {
                    "Name": "minecraft:pale_moss_carpet"
                }
            },
            "trunk_offset_y": 0,
            "mangrove_root_placement": {
                "max_root_width": 1,
                "max_root_length": 1,
                "random_skew_chance": 0,
                "can_grow_through": "#minecraft:anvil",
                "muddy_roots_in": "#minecraft:anvil",
                "muddy_roots_provider": {
                    "type": "minecraft:simple_state_provider",
                    "state": {
                        "Name": "minecraft:stone"
                    }
                }
            }
        },
        "trunk_placer": {
            "type": "minecraft:straight_trunk_placer",
            "base_height": 1,
            "height_rand_a": 0,
            "height_rand_b": 0
        },
        "foliage_placer": {
            "type": "minecraft:blob_foliage_placer",
            "radius": 0,
            "offset": 0,
            "height": 0
        },
        "decorators": []
    }
}